first_name,last_name,email,crm_owner_id
John,Deep ,john@acme.co,20001
Roshel,Angilo,roshel@acme.co,20002
Kaveen,Roxstar,kaveen@acme.co,20003
Joshp,Kalinga,joshp@acme.co,20004
Mike ,Runstor,mike@acme.co,20005
Zarah ,Ronja,zarah@acme.co,20006
Priscilla,Jett,priscilla@acme.co,20007